F14C(EC),F14C(EC)_u
0.881203984,0.043346946
0.596825913,0.027132263
0.641799893,0.046803679
0.689242033,0.044018386
0.544345043,0.021494983
0.748027143,0.047104756
0.562509065,0.038816516
0.183587377,0.030261518
0.569855743,0.040317315
0.526842389,0.034611731
0.677250408,0.051788101
0.76707842,0.042452294
0.554046947,0.051277123
